IMG0001.png,4
IMG0002.png,7
IMG0003.png,7
IMG0004.png,4
IMG0005.png,6
IMG0006.png,4
IMG0007.png,4
IMG0008.png,5
IMG0009.png,5
IMG0010.png,6
IMG0011.png,7
IMG0012.png,4
IMG0013.png,4
IMG0014.png,5
IMG0015.png,5
IMG0016.png,7
IMG0017.png,7
IMG0018.png,7
IMG0019.png,5
IMG0020.png,6
IMG0021.png,7
IMG0022.png,5
IMG0023.png,6
IMG0024.png,4
IMG0025.png,5
IMG0026.png,5
IMG0027.png,6
IMG0028.png,7
IMG0029.png,4
IMG0030.png,6
IMG0031.png,7
IMG0032.png,5
IMG0033.png,5
IMG0034.png,5
IMG0035.png,7
IMG0036.png,7
IMG0037.png,7
IMG0038.png,7
IMG0039.png,5
IMG0040.png,7
IMG0041.png,6
IMG0042.png,7
IMG0043.png,7
IMG0044.png,7
IMG0045.png,5
IMG0046.png,6
IMG0047.png,6
IMG0048.png,5
IMG0049.png,5
IMG0050.png,5
IMG0051.png,7
IMG0052.png,6
IMG0053.png,5
IMG0054.png,6
IMG0055.png,5
IMG0056.png,4
IMG0057.png,6
IMG0058.png,6
IMG0059.png,4
IMG0060.png,5
IMG0061.png,5
IMG0062.png,4
IMG0063.png,4
IMG0064.png,4
IMG0065.png,6
IMG0066.png,4
IMG0067.png,6
IMG0068.png,6
IMG0069.png,7
IMG0070.png,6
IMG0071.png,7
IMG0072.png,7
IMG0073.png,4
IMG0074.png,7
IMG0075.png,5
IMG0076.png,5
IMG0077.png,5
IMG0078.png,6
IMG0079.png,4
IMG0080.png,6
IMG0081.png,7
IMG0082.png,6
IMG0083.png,6
IMG0084.png,4
IMG0085.png,6
IMG0086.png,4
IMG0087.png,4
IMG0088.png,7
IMG0089.png,7
IMG0090.png,4
IMG0091.png,6
IMG0092.png,4
IMG0093.png,4
IMG0094.png,5
IMG0095.png,5
IMG0096.png,6
IMG0097.png,6
IMG0098.png,5
IMG0099.png,7
IMG0100.png,5
IMG0101.png,6
IMG0102.png,4
IMG0103.png,7
IMG0104.png,4
IMG0105.png,7
IMG0106.png,6
IMG0107.png,6
IMG0108.png,6
IMG0109.png,7
IMG0110.png,7
IMG0111.png,6
IMG0112.png,4
IMG0113.png,4
IMG0114.png,6
IMG0115.png,6
IMG0116.png,6
IMG0117.png,6
IMG0118.png,4
IMG0119.png,7
IMG0120.png,5
IMG0121.png,4
IMG0122.png,4
IMG0123.png,7
IMG0124.png,5
IMG0125.png,7
IMG0126.png,7
IMG0127.png,7
IMG0128.png,7
IMG0129.png,7
IMG0130.png,7
IMG0131.png,7
IMG0132.png,5
IMG0133.png,5
IMG0134.png,4
IMG0135.png,4
IMG0136.png,5
IMG0137.png,7
IMG0138.png,6
IMG0139.png,6
IMG0140.png,6
IMG0141.png,5
IMG0142.png,7
IMG0143.png,4
IMG0144.png,6
IMG0145.png,6
IMG0146.png,7
IMG0147.png,7
IMG0148.png,5
IMG0149.png,6
IMG0150.png,7
IMG0151.png,7
IMG0152.png,6
IMG0153.png,4
IMG0154.png,5
IMG0155.png,6
IMG0156.png,5
IMG0157.png,4
IMG0158.png,6
IMG0159.png,4
IMG0160.png,5
IMG0161.png,7
IMG0162.png,5
IMG0163.png,6
IMG0164.png,5
IMG0165.png,7
IMG0166.png,5
IMG0167.png,6
IMG0168.png,5
IMG0169.png,6
IMG0170.png,6
IMG0171.png,4
IMG0172.png,7
IMG0173.png,5
IMG0174.png,4
IMG0175.png,4
IMG0176.png,5
IMG0177.png,4
IMG0178.png,4
IMG0179.png,5
IMG0180.png,7
IMG0181.png,6
IMG0182.png,5
IMG0183.png,4
IMG0184.png,4
IMG0185.png,4
IMG0186.png,4
IMG0187.png,5
IMG0188.png,5
IMG0189.png,7
IMG0190.png,4
IMG0191.png,6
IMG0192.png,4
IMG0193.png,5
IMG0194.png,4
IMG0195.png,5
IMG0196.png,7
IMG0197.png,6
IMG0198.png,4
IMG0199.png,7
IMG0200.png,4
IMG0201.png,6
IMG0202.png,6
IMG0203.png,7
IMG0204.png,5
IMG0205.png,6
IMG0206.png,6
IMG0207.png,7
IMG0208.png,4
IMG0209.png,4
IMG0210.png,7
IMG0211.png,6
IMG0212.png,4
IMG0213.png,7
IMG0214.png,7
IMG0215.png,5
IMG0216.png,6
IMG0217.png,4
IMG0218.png,5
IMG0219.png,4
IMG0220.png,7
IMG0221.png,6
IMG0222.png,7
IMG0223.png,5
IMG0224.png,6
IMG0225.png,4
IMG0226.png,6
IMG0227.png,7
IMG0228.png,6
IMG0229.png,7
IMG0230.png,6
IMG0231.png,6
IMG0232.png,5
IMG0233.png,6
IMG0234.png,6
IMG0235.png,4
IMG0236.png,4
IMG0237.png,5
IMG0238.png,5
IMG0239.png,5
IMG0240.png,4
IMG0241.png,5
IMG0242.png,7
IMG0243.png,5
IMG0244.png,7
IMG0245.png,7
IMG0246.png,4
IMG0247.png,5
IMG0248.png,6
IMG0249.png,4
IMG0250.png,4
IMG0251.png,6
IMG0252.png,6
IMG0253.png,6
IMG0254.png,4
IMG0255.png,4
IMG0256.png,6
IMG0257.png,6
IMG0258.png,4
IMG0259.png,6
IMG0260.png,5
IMG0261.png,5
IMG0262.png,7
IMG0263.png,7
IMG0264.png,4
IMG0265.png,5
IMG0266.png,6
IMG0267.png,4
IMG0268.png,5
IMG0269.png,5
IMG0270.png,6
IMG0271.png,6
IMG0272.png,6
IMG0273.png,6
IMG0274.png,5
IMG0275.png,6
IMG0276.png,6
IMG0277.png,7
IMG0278.png,7
IMG0279.png,4
IMG0280.png,6
IMG0281.png,4
IMG0282.png,4
IMG0283.png,5
IMG0284.png,4
IMG0285.png,5
IMG0286.png,6
IMG0287.png,7
IMG0288.png,5
IMG0289.png,4
IMG0290.png,7
IMG0291.png,5
IMG0292.png,6
IMG0293.png,7
IMG0294.png,5
IMG0295.png,4
IMG0296.png,7
IMG0297.png,7
IMG0298.png,5
IMG0299.png,6
IMG0300.png,7
IMG0301.png,5
IMG0302.png,6
IMG0303.png,6
IMG0304.png,7
IMG0305.png,7
IMG0306.png,6
IMG0307.png,7
IMG0308.png,4
IMG0309.png,6
IMG0310.png,5
IMG0311.png,5
IMG0312.png,4
IMG0313.png,7
IMG0314.png,5
IMG0315.png,5
IMG0316.png,6
IMG0317.png,7
IMG0318.png,5
IMG0319.png,5
IMG0320.png,5
IMG0321.png,4
IMG0322.png,6
IMG0323.png,6
IMG0324.png,5
IMG0325.png,6
IMG0326.png,6
IMG0327.png,5
IMG0328.png,6
IMG0329.png,6
IMG0330.png,4
IMG0331.png,4
IMG0332.png,6
IMG0333.png,5
IMG0334.png,4
IMG0335.png,7
IMG0336.png,5
IMG0337.png,6
IMG0338.png,7
IMG0339.png,6
IMG0340.png,4
IMG0341.png,4
IMG0342.png,4
IMG0343.png,5
IMG0344.png,4
IMG0345.png,7
IMG0346.png,7
IMG0347.png,4
IMG0348.png,6
IMG0349.png,7
IMG0350.png,5
IMG0351.png,7
IMG0352.png,4
IMG0353.png,4
IMG0354.png,7
IMG0355.png,5
IMG0356.png,4
IMG0357.png,5
IMG0358.png,6
IMG0359.png,6
IMG0360.png,5
IMG0361.png,5
IMG0362.png,5
IMG0363.png,5
IMG0364.png,7
IMG0365.png,5
IMG0366.png,7
IMG0367.png,5
IMG0368.png,5
IMG0369.png,7
IMG0370.png,5
IMG0371.png,7
IMG0372.png,4
IMG0373.png,6
IMG0374.png,7
IMG0375.png,5
IMG0376.png,7
IMG0377.png,4
IMG0378.png,6
IMG0379.png,4
IMG0380.png,6
IMG0381.png,5
IMG0382.png,6
IMG0383.png,6
IMG0384.png,4
IMG0385.png,4
IMG0386.png,6
IMG0387.png,7
IMG0388.png,7
IMG0389.png,6
IMG0390.png,7
IMG0391.png,6
IMG0392.png,5
IMG0393.png,4
IMG0394.png,7
IMG0395.png,6
IMG0396.png,4
IMG0397.png,5
IMG0398.png,7
IMG0399.png,6
IMG0400.png,4
IMG0401.png,5
IMG0402.png,7
IMG0403.png,5
IMG0404.png,7
IMG0405.png,6
IMG0406.png,7
IMG0407.png,6
IMG0408.png,7
IMG0409.png,5
IMG0410.png,5
IMG0411.png,6
IMG0412.png,4
IMG0413.png,4
IMG0414.png,5
IMG0415.png,5
IMG0416.png,6
IMG0417.png,5
IMG0418.png,6
IMG0419.png,6
IMG0420.png,5
IMG0421.png,4
IMG0422.png,6
IMG0423.png,6
IMG0424.png,6
IMG0425.png,6
IMG0426.png,5
IMG0427.png,7
IMG0428.png,6
IMG0429.png,6
IMG0430.png,6
IMG0431.png,6
IMG0432.png,7
IMG0433.png,6
IMG0434.png,5
IMG0435.png,7
IMG0436.png,7
IMG0437.png,5
IMG0438.png,6
IMG0439.png,4
IMG0440.png,7
IMG0441.png,5
IMG0442.png,7
IMG0443.png,7
IMG0444.png,6
IMG0445.png,7
IMG0446.png,6
IMG0447.png,4
IMG0448.png,5
IMG0449.png,7
IMG0450.png,4
IMG0451.png,6
IMG0452.png,6
IMG0453.png,7
IMG0454.png,7
IMG0455.png,4
IMG0456.png,5
IMG0457.png,6
IMG0458.png,5
IMG0459.png,5
IMG0460.png,6
IMG0461.png,7
IMG0462.png,5
IMG0463.png,6
IMG0464.png,6
IMG0465.png,4
IMG0466.png,6
IMG0467.png,6
IMG0468.png,7
IMG0469.png,7
IMG0470.png,6
IMG0471.png,6
IMG0472.png,7
IMG0473.png,6
IMG0474.png,5
IMG0475.png,4
IMG0476.png,5
IMG0477.png,5
IMG0478.png,7
IMG0479.png,5
IMG0480.png,5
IMG0481.png,5
IMG0482.png,7
IMG0483.png,7
IMG0484.png,4
IMG0485.png,4
IMG0486.png,4
IMG0487.png,6
IMG0488.png,6
IMG0489.png,4
IMG0490.png,6
IMG0491.png,6
IMG0492.png,4
IMG0493.png,5
IMG0494.png,6
IMG0495.png,7
IMG0496.png,6
IMG0497.png,5
IMG0498.png,4
IMG0499.png,6
IMG0500.png,4
IMG0501.png,5
IMG0502.png,6
IMG0503.png,5
IMG0504.png,5
IMG0505.png,6
IMG0506.png,4
IMG0507.png,6
IMG0508.png,6
IMG0509.png,5
IMG0510.png,7
IMG0511.png,7
IMG0512.png,5
IMG0513.png,6
IMG0514.png,6
IMG0515.png,7
IMG0516.png,6
IMG0517.png,5
